PROJNUM,Total_Terrain_Types,Terrain_Type_List
19970006,2,"instream, riparian"
19970012,2,"instream, riparian"
19970013,2,"instream, riparian"
19970014,4,"instream, riparian, passage, road"
19970017,2,"instream, passage"
19970019,3,"instream, riparian, road"
19970020,2,"instream, road"
19970023,2,"instream, riparian"
19970025,2,"instream, riparian"
19970028,2,"instream, riparian"
19970039,2,"instream, passage"
19970041,2,"instream, riparian"
19970042,2,"riparian, wetland"
19970047,2,"instream, riparian"
19970072,2,"instream, riparian"
19970073,2,"instream, riparian"
19970074,2,"instream, riparian"
19970075,2,"instream, riparian"
19970076,2,"riparian, upland"
19970077,2,"riparian, upland"
19970078,2,"riparian, upland"
19970079,2,"riparian, upland"
19970088,2,"instream, riparian"
19970089,3,"instream, riparian, road"
19970093,3,"instream, riparian, upland"
19970094,2,"riparian, upland"
19970095,2,"riparian, upland"
19970096,2,"riparian, upland"
19970097,2,"riparian, upland"
19970100,4,"instream, riparian, passage, road"
19970112,2,"instream, riparian"
19970113,2,"instream, riparian"
19970123,2,"instream, riparian"
19970129,2,"instream, riparian"
19970142,2,"instream, riparian"
19970144,2,"instream, riparian"
19970145,2,"instream, riparian"
19970146,2,"instream, riparian"
19970257,2,"riparian, upland"
19970401,2,"riparian, road"
19970409,2,"instream, passage"
19970416,3,"instream, riparian, road"
19970417,3,"instream, riparian, passage"
19970419,3,"instream, riparian, road"
19970420,2,"instream, road"
19970421,4,"instream, riparian, passage, road"
19970422,2,"instream, riparian"
19970423,3,"instream, riparian, upland"
19970430,3,"instream, riparian, upland"
19970436,2,"instream, riparian"
19970439,2,"riparian, upland"
19970440,2,"riparian, passage"
19970441,3,"instream, riparian, passage"
19970452,2,"instream, riparian"
19970472,2,"instream, riparian"
19970484,3,"riparian, road, upland"
19970488,2,"riparian, road"
19970489,2,"riparian, road"
19970490,2,"riparian, road"
19970492,2,"riparian, road"
19970495,2,"instream, passage"
19970554,2,"instream, passage"
19970562,3,"riparian, passage, upland"
19970564,2,"instream, road"
19970570,2,"instream, riparian"
19970584,2,"instream, riparian"
19970607,2,"instream, riparian"
19970608,3,"instream, riparian, passage"
19970609,2,"instream, riparian"
19970624,2,"instream, riparian"
19970625,3,"riparian, road, upland"
19970657,3,"instream, riparian, passage"
19970658,3,"instream, riparian, upland"
19970659,2,"instream, riparian"
19970663,3,"instream, riparian, upland"
19970676,2,"passage, road"
19970691,2,"passage, road"
19970704,2,"instream, riparian"
19970708,2,"instream, riparian"
19970711,3,"instream, riparian, passage"
19970745,2,"instream, riparian"
19970846,2,"passage, road"
19970874,2,"passage, road"
19970875,2,"passage, road"
19970897,2,"instream, riparian"
19970959,2,"riparian, road"
19970994,3,"riparian, road, upland"
19970995,2,"riparian, upland"
19970997,2,"instream, riparian"
19971001,2,"riparian, upland"
19971002,2,"riparian, upland"
19971004,2,"riparian, upland"
19971006,2,"riparian, upland"
19971010,3,"instream, riparian, passage"
19971020,2,"instream, passage"
19971022,2,"instream, passage"
19971023,2,"passage, road"
19971031,3,"instream, riparian, upland"
19971037,2,"instream, riparian"
19971038,2,"instream, riparian"
19971039,2,"instream, road"
19971040,2,"instream, road"
19971045,2,"instream, road"
19971047,2,"instream, riparian"
19971048,2,"instream, road"
19971050,4,"instream, riparian, passage, road"
19971051,2,"instream, road"
19971052,2,"instream, road"
19971053,2,"instream, road"
19971054,2,"instream, road"
19971055,2,"instream, road"
19971056,2,"instream, road"
19971057,2,"passage, road"
19971058,2,"instream, road"
19971059,2,"instream, riparian"
19971066,2,"instream, riparian"
19971069,2,"passage, road"
19971075,2,"instream, passage"
19971076,2,"riparian, wetland"
19971079,2,"instream, riparian"
19971080,2,"instream, riparian"
19971081,2,"instream, riparian"
19971082,3,"instream, riparian, wetland"
19971083,3,"instream, riparian, wetland"
19971085,4,"instream, riparian, passage, wetland"
19971086,3,"instream, passage, road"
19971087,2,"instream, road"
19971088,2,"passage, road"
19971091,3,"instream, riparian, wetland"
19971092,3,"instream, riparian, wetland"
19971094,4,"instream, riparian, passage, road"
19971097,3,"instream, riparian, road"
19971100,3,"instream, riparian, passage"
19971101,3,"instream, riparian, upland"
19971102,2,"instream, riparian"
19971103,3,"instream, riparian, upland"
19971108,2,"instream, passage"
19971110,2,"instream, riparian"
19971112,2,"instream, riparian"
19971114,2,"instream, riparian"
19971120,2,"instream, riparian"
19971123,2,"instream, riparian"
19971125,2,"riparian, upland"
19971127,3,"instream, riparian, upland"
19971128,3,"instream, riparian, upland"
19971129,2,"instream, riparian"
19971145,2,"riparian, upland"
19971146,2,"riparian, upland"
19971147,2,"riparian, upland"
19971148,2,"riparian, upland"
19971153,2,"riparian, upland"
19971156,2,"riparian, upland"
19971157,2,"riparian, upland"
19971163,2,"riparian, upland"
19971165,2,"instream, riparian"
19971168,2,"instream, riparian"
19971169,2,"instream, riparian"
19971180,2,"riparian, road"
19971182,3,"instream, passage, road"
19971183,3,"instream, passage, road"
19971184,2,"passage, road"
19971186,2,"passage, road"
19971193,2,"instream, riparian"
19971194,2,"instream, riparian"
19971195,2,"instream, passage"
19971196,2,"instream, riparian"
19971197,2,"riparian, passage"
19971198,2,"riparian, upland"
19971201,3,"instream, riparian, road"
19971218,2,"riparian, upland"
19971219,2,"riparian, upland"
19971223,2,"riparian, upland"
19971225,2,"riparian, upland"
19971226,2,"instream, riparian"
19971227,2,"riparian, upland"
19971228,6,"instream, riparian, passage, road, upland, wetland"
19971229,2,"instream, riparian"
19971230,3,"riparian, road, upland"
19971231,2,"instream, riparian"
19971233,2,"instream, road"
19971253,3,"riparian, passage, road"
19971272,2,"instream, riparian"
19971277,2,"passage, road"
19971281,3,"instream, riparian, upland"
19971282,3,"instream, riparian, upland"
19971285,2,"instream, riparian"
19971287,2,"instream, riparian"
19971288,2,"instream, riparian"
19971289,3,"instream, riparian, upland"
19971292,2,"instream, riparian"
19971295,2,"riparian, road"
19971307,3,"instream, riparian, road"
19971309,2,"instream, riparian"
19971310,2,"instream, riparian"
19971330,2,"instream, road"
19971338,2,"instream, road"
19971341,2,"instream, road"
19971353,2,"riparian, road"
19971354,2,"riparian, road"
19971378,2,"riparian, upland"
19971380,2,"riparian, upland"
19971384,2,"riparian, upland"
19971385,2,"riparian, upland"
19971386,2,"riparian, upland"
19971387,2,"riparian, upland"
19971388,2,"riparian, upland"
19971389,2,"riparian, upland"
19971390,2,"riparian, upland"
19971391,2,"riparian, upland"
19971392,3,"instream, riparian, upland"
19971399,3,"riparian, road, wetland"
19971404,3,"instream, riparian, upland"
19971405,3,"instream, riparian, upland"
19971420,2,"riparian, road"
19971421,3,"instream, riparian, road"
19971442,2,"riparian, road"
19971470,2,"passage, road"
19971506,2,"riparian, passage"
19971510,2,"riparian, upland"
19971511,4,"instream, riparian, passage, road"
19971531,2,"passage, road"
19971538,2,"passage, road"
19971539,2,"passage, road"
19971544,2,"instream, riparian"
19971545,2,"instream, riparian"
19971546,2,"instream, riparian"
19971548,2,"instream, riparian"
19971554,2,"instream, riparian"
19971555,2,"instream, riparian"
19971612,3,"instream, riparian, wetland"
19971631,2,"passage, road"
19971635,2,"instream, road"
19971652,2,"passage, road"
19971660,2,"instream, road"
19971666,3,"instream, passage, road"
19971696,2,"instream, road"
19971705,2,"instream, road"
19971711,2,"instream, road"
19972018,2,"passage, road"
19972031,2,"passage, road"
19972049,2,"passage, road"
19972078,2,"passage, road"
19972103,2,"passage, road"
19972107,2,"passage, road"
19972108,2,"passage, road"
19972145,2,"passage, road"
19972147,2,"passage, road"
19972151,2,"passage, road"
19972156,2,"passage, road"
19972178,2,"passage, road"
19980009,5,"instream, riparian, passage, road, upland"
19980016,2,"riparian, upland"
19980019,4,"instream, riparian, road, upland"
19980020,2,"instream, riparian"
19980024,2,"instream, passage"
19980025,2,"instream, passage"
19980026,2,"instream, road"
19980027,2,"instream, road"
19980029,2,"instream, passage"
19980031,2,"passage, road"
19980050,2,"passage, screening"
19980055,2,"riparian, upland"
19980059,2,"riparian, upland"
19980062,2,"riparian, upland"
19980063,2,"riparian, upland"
19980067,2,"riparian, upland"
19980077,2,"passage, road"
19980101,2,"passage, road"
19980102,2,"passage, road"
19980122,2,"instream, road"
19980123,2,"instream, road"
19980129,4,"instream, riparian, upland, wetland"
19980145,2,"riparian, road"
19980171,2,"riparian, upland"
19980173,3,"instream, passage, road"
19980174,2,"instream, riparian"
19980177,3,"instream, passage, road"
19980180,2,"instream, riparian"
19980183,2,"instream, riparian"
19980186,3,"instream, riparian, upland"
19980243,2,"instream, riparian"
19980257,2,"riparian, upland"
19980262,2,"riparian, road"
19980275,2,"instream, riparian"
19980276,3,"instream, riparian, upland"
19980278,3,"instream, riparian, upland"
19980279,3,"instream, riparian, upland"
19980280,2,"instream, riparian"
19980281,3,"instream, riparian, upland"
19980287,3,"instream, riparian, passage"
19980288,3,"instream, riparian, passage"
19980290,3,"instream, riparian, passage"
19980291,3,"instream, riparian, passage"
19980296,2,"instream, riparian"
19980297,3,"instream, riparian, wetland"
19980300,2,"instream, riparian"
19980301,2,"instream, riparian"
19980311,2,"passage, road"
19980317,2,"passage, road"
19980319,2,"instream, road"
19980322,2,"passage, road"
19980324,2,"passage, road"
19980326,2,"passage, road"
19980347,2,"passage, road"
19980364,2,"passage, road"
19980365,2,"passage, road"
19980395,2,"passage, road"
19980430,2,"passage, road"
19980455,2,"passage, road"
19980457,2,"passage, road"
19980458,2,"passage, road"
19980476,4,"instream, riparian, passage, road"
19980483,2,"instream, passage"
19980485,2,"passage, flow"
19980499,2,"passage, road"
19980503,2,"instream, passage"
19980509,2,"passage, road"
19980510,2,"passage, road"
19980516,2,"passage, road"
19980522,2,"riparian, upland"
19980525,2,"riparian, upland"
19980541,2,"instream, riparian"
19980543,2,"instream, riparian"
19980558,2,"passage, road"
19980564,2,"passage, road"
19980576,2,"passage, road"
19980597,2,"passage, road"
19980598,2,"passage, road"
19980599,2,"passage, road"
19980600,2,"riparian, upland"
19980603,2,"riparian, upland"
19980679,2,"passage, road"
19980685,2,"riparian, road"
19980686,3,"riparian, passage, road"
19980690,2,"riparian, road"
19980691,2,"riparian, road"
19980693,2,"riparian, road"
19980694,2,"riparian, road"
19980695,2,"riparian, road"
19980718,2,"passage, road"
19980722,3,"instream, riparian, passage"
19980724,2,"instream, passage"
19980760,2,"passage, road"
19980801,2,"instream, passage"
19980803,4,"instream, riparian, passage, wetland"
19980804,4,"instream, riparian, passage, wetland"
19980805,2,"instream, passage"
19980806,2,"instream, wetland"
19980807,2,"instream, passage"
19980808,4,"instream, riparian, passage, wetland"
19980809,5,"instream, riparian, passage, upland, wetland"
19980811,2,"instream, passage"
19980812,3,"instream, riparian, passage"
19980824,2,"passage, road"
19980825,2,"passage, road"
19980826,2,"passage, road"
19980827,2,"instream, passage"
19980834,2,"passage, road"
19980835,2,"passage, road"
19980837,2,"passage, road"
19980841,2,"passage, road"
19980860,2,"passage, road"
19980866,3,"instream, passage, road"
19980881,3,"instream, passage, road"
19980882,2,"instream, passage"
19980884,3,"instream, passage, road"
19980885,2,"instream, passage"
19980887,2,"instream, passage"
19980888,2,"instream, passage"
19980893,2,"instream, riparian"
19980902,2,"passage, road"
19980904,2,"passage, road"
19980909,2,"passage, road"
19980915,2,"passage, road"
19980916,2,"passage, road"
19980960,2,"instream, riparian"
19980969,2,"riparian, upland"
19980970,3,"instream, riparian, road"
19980971,3,"instream, riparian, upland"
19980972,2,"instream, riparian"
19980973,2,"riparian, upland"
19980974,2,"instream, riparian"
19980976,2,"riparian, upland"
19980979,2,"riparian, passage"
19980980,2,"riparian, passage"
19980984,2,"riparian, passage"
19981013,2,"instream, riparian"
19981016,2,"instream, riparian"
19981046,2,"instream, passage"
19981079,2,"passage, road"
19981080,2,"instream, passage"
19981081,2,"riparian, wetland"
19981083,2,"riparian, wetland"
19981086,2,"riparian, upland"
19981088,3,"instream, riparian, upland"
19981093,2,"passage, upland"
19981096,2,"riparian, passage"
19981099,2,"riparian, passage"
19981101,2,"instream, riparian"
19981102,2,"instream, riparian"
19981110,2,"riparian, upland"
19981111,2,"passage, screening"
19981115,2,"instream, riparian"
19981116,2,"riparian, passage"
19981154,2,"riparian, upland"
19981155,2,"riparian, upland"
19981157,2,"riparian, upland"
19981158,2,"riparian, upland"
19990015,2,"passage, road"
19990016,2,"passage, road"
19990018,2,"passage, road"
19990038,2,"instream, passage"
19990042,3,"instream, passage, wetland"
19990044,3,"instream, passage, road"
19990045,2,"instream, passage"
19990046,2,"instream, passage"
19990053,2,"riparian, road"
19990054,2,"riparian, road"
19990055,2,"riparian, road"
19990056,2,"riparian, road"
19990057,2,"riparian, road"
19990058,2,"riparian, road"
19990138,2,"instream, riparian"
19990139,2,"instream, riparian"
19990166,2,"instream, riparian"
19990171,2,"instream, riparian"
19990173,3,"riparian, passage, upland"
19990236,3,"instream, riparian, passage"
19990242,2,"instream, riparian"
19990246,2,"instream, passage"
19990248,2,"instream, road"
19990349,2,"instream, road"
19990369,2,"passage, road"
19990377,2,"instream, passage"
19990490,2,"riparian, road"
19990517,2,"riparian, passage"
19990518,2,"instream, riparian"
19990519,2,"passage, upland"
19990520,3,"instream, road, wetland"
19990523,2,"passage, road"
19990543,2,"passage, road"
19990544,2,"passage, road"
19990547,2,"passage, road"
19990548,2,"passage, road"
19990549,2,"passage, road"
19990550,2,"passage, road"
19990588,2,"instream, road"
19990593,2,"riparian, road"
19990594,2,"passage, road"
19990595,2,"passage, road"
19990596,2,"passage, road"
19990597,2,"passage, road"
19990621,2,"passage, road"
19990627,2,"passage, road"
19990628,2,"passage, road"
19990632,4,"instream, passage, upland, flow"
19990648,2,"riparian, road"
19990650,3,"riparian, passage, road"
19990651,2,"riparian, road"
19990652,3,"riparian, passage, road"
19990653,2,"riparian, road"
19990660,2,"riparian, road"
19990664,2,"passage, road"
19990681,2,"passage, road"
19990686,2,"passage, road"
19990694,2,"instream, riparian"
19990699,2,"instream, riparian"
19990700,2,"riparian, wetland"
19990704,2,"instream, riparian"
19990707,2,"instream, riparian"
19990708,2,"riparian, wetland"
19990717,3,"instream, riparian, upland"
19990719,2,"instream, riparian"
19990720,2,"riparian, upland"
19990721,2,"instream, riparian"
19990723,2,"instream, riparian"
19990725,2,"instream, riparian"
19990726,2,"instream, riparian"
19990727,2,"instream, riparian"
19990728,2,"instream, riparian"
19990729,2,"instream, riparian"
19990734,2,"passage, road"
19990767,2,"passage, road"
19990774,2,"passage, road"
19990776,2,"passage, road"
19990778,2,"passage, road"
19990784,2,"passage, road"
19990785,2,"passage, road"
19990804,2,"riparian, upland"
19990810,2,"passage, road"
19990811,3,"instream, passage, road"
19990828,2,"passage, road"
19990829,2,"passage, road"
19990830,2,"passage, road"
19990831,2,"passage, road"
19990832,2,"passage, road"
19990833,2,"passage, road"
19990834,2,"passage, road"
19990835,2,"passage, road"
19990836,2,"passage, road"
19990837,2,"passage, road"
19990838,2,"passage, road"
19990839,2,"passage, road"
19990840,2,"passage, road"
19990841,2,"passage, road"
19990842,2,"passage, road"
19990843,2,"passage, road"
19990844,2,"passage, road"
19990845,2,"passage, road"
19990846,2,"passage, road"
19990847,2,"passage, road"
19990848,2,"passage, road"
19990865,2,"passage, road"
19990898,2,"riparian, upland"
19990899,2,"riparian, upland"
19990900,2,"instream, riparian"
19990901,2,"instream, riparian"
19990907,2,"riparian, upland"
19990911,2,"instream, riparian"
19990932,2,"riparian, wetland"
19990937,2,"riparian, upland"
19990950,2,"passage, road"
19990957,3,"instream, passage, road"
19990958,2,"passage, road"
19990959,2,"passage, road"
19990964,2,"passage, road"
19990979,2,"instream, riparian"
19990983,2,"instream, riparian"
19990988,2,"riparian, upland"
19990989,4,"instream, riparian, passage, upland"
19990990,2,"instream, passage"
19991006,2,"riparian, upland"
19991008,4,"instream, riparian, upland, estuarine"
19991010,2,"instream, riparian"
19991014,3,"instream, riparian, wetland"
19991020,3,"instream, riparian, passage"
19991021,2,"passage, flow"
19991031,3,"instream, riparian, passage"
19991033,2,"instream, riparian"
19991038,2,"instream, riparian"
19991039,2,"instream, riparian"
19991050,2,"instream, riparian"
19991058,2,"riparian, upland"
19991059,2,"riparian, upland"
19991067,2,"riparian, upland"
19991068,2,"riparian, upland"
19991070,2,"riparian, upland"
19991071,2,"riparian, upland"
19991072,2,"riparian, upland"
19991074,2,"riparian, upland"
19991075,2,"riparian, upland"
20000021,2,"instream, passage"
20000025,3,"instream, riparian, road"
20000026,3,"instream, riparian, road"
20000029,2,"riparian, road"
20000030,2,"riparian, road"
20000031,2,"riparian, road"
20000033,2,"riparian, road"
20000034,2,"riparian, road"
20000041,3,"instream, riparian, road"
20000043,2,"instream, passage"
20000046,2,"instream, road"
20000047,2,"instream, riparian"
20000048,2,"instream, riparian"
20000064,2,"instream, riparian"
20000066,2,"instream, riparian"
20000078,2,"riparian, passage"
20000084,2,"passage, road"
20000089,2,"passage, road"
20000095,2,"instream, passage"
20000133,3,"instream, riparian, passage"
20000134,2,"instream, riparian"
20000135,2,"instream, passage"
20000142,3,"instream, riparian, wetland"
20000144,2,"passage, road"
20000146,2,"passage, road"
20000152,2,"passage, road"
20000153,2,"passage, road"
20000157,2,"passage, road"
20000166,2,"passage, road"
20000167,2,"passage, road"
20000170,2,"passage, road"
20000175,2,"passage, road"
20000182,3,"instream, passage, road"
20000188,2,"passage, road"
20000197,2,"passage, road"
20000436,2,"riparian, wetland"
20000438,2,"riparian, upland"
20000439,2,"riparian, upland"
20000440,2,"riparian, upland"
20000448,2,"riparian, upland"
20000453,2,"riparian, upland"
20000454,2,"riparian, upland"
20000455,2,"riparian, upland"
20000459,2,"riparian, upland"
20000461,2,"riparian, upland"
20000465,2,"riparian, upland"
20000491,2,"passage, road"
20000493,2,"passage, road"
20000495,2,"passage, road"
20000502,2,"passage, road"
20000518,2,"passage, road"
20000547,2,"passage, road"
20000552,2,"instream, wetland"
20000568,3,"instream, riparian, upland"
20000592,3,"instream, passage, road"
20000594,3,"instream, riparian, road"
20000595,2,"instream, riparian"
20000607,2,"passage, road"
20000614,2,"riparian, passage"
20000621,2,"riparian, upland"
20000698,2,"instream, riparian"
20000700,2,"riparian, upland"
20000713,2,"riparian, upland"
20000716,2,"riparian, upland"
20000717,2,"riparian, upland"
20000718,2,"riparian, upland"
20000750,2,"riparian, passage"
20000751,2,"passage, upland"
20000752,2,"passage, road"
20000755,2,"passage, road"
20000756,2,"passage, road"
20000777,2,"passage, road"
20000781,2,"passage, road"
20000786,2,"passage, road"
20000791,2,"passage, road"
20000795,2,"instream, riparian"
20000797,2,"instream, riparian"
20000798,2,"instream, riparian"
20000801,2,"instream, riparian"
20000803,2,"instream, riparian"
20000804,2,"instream, riparian"
20000892,2,"passage, road"
20000900,2,"passage, road"
20000903,2,"passage, road"
20000904,2,"passage, road"
20000906,2,"passage, road"
20000911,2,"passage, road"
20000912,2,"passage, road"
20000914,2,"passage, road"
20000915,2,"passage, road"
20000916,2,"passage, road"
20000917,2,"passage, road"
20000919,2,"passage, road"
20000921,2,"passage, road"
20000922,2,"passage, road"
20000927,2,"passage, road"
20000931,2,"passage, road"
20000969,2,"riparian, wetland"
20000972,2,"riparian, upland"
20000977,2,"riparian, upland"
20000982,2,"passage, road"
20000983,2,"passage, road"
20000996,2,"passage, road"
20001046,2,"instream, riparian"
20001047,2,"instream, riparian"
20001048,2,"instream, riparian"
20001049,2,"instream, riparian"
20001051,2,"passage, screening"
20001056,2,"passage, screening"
20001060,2,"passage, screening"
20001084,2,"passage, road"
20001093,2,"passage, road"
20001094,2,"passage, road"
20001124,2,"instream, riparian"
20001127,2,"riparian, upland"
20001128,3,"instream, riparian, wetland"
20001141,2,"instream, road"
20001144,2,"instream, riparian"
20001145,2,"instream, riparian"
20001158,2,"instream, riparian"
20001159,4,"instream, riparian, passage, screening"
20001178,2,"instream, riparian"
20001181,2,"instream, riparian"
20001185,2,"instream, riparian"
20001189,2,"instream, passage"
20001193,3,"riparian, road, wetland"
20001195,2,"riparian, upland"
20001198,2,"riparian, upland"
20001200,2,"riparian, upland"
20001202,3,"riparian, road, upland"
20010036,2,"instream, passage"
20010053,2,"riparian, passage"
20010054,2,"riparian, passage"
20010055,2,"riparian, passage"
20010104,2,"passage, road"
20010105,2,"passage, road"
20010115,2,"riparian, upland"
20010122,2,"passage, road"
20010130,2,"passage, road"
20010139,2,"riparian, upland"
20010160,2,"passage, road"
20010181,2,"passage, road"
20010189,2,"passage, road"
20010191,2,"passage, road"
20010194,2,"passage, road"
20010195,2,"passage, road"
20010197,2,"passage, road"
20010198,2,"passage, road"
20010199,2,"passage, road"
20010200,2,"passage, road"
20010201,2,"passage, road"
20010202,2,"passage, road"
20010206,2,"passage, road"
20010207,2,"passage, road"
20010215,2,"passage, road"
20010216,2,"passage, road"
20010217,2,"passage, road"
20010218,2,"passage, road"
20010238,2,"riparian, wetland"
20010242,2,"riparian, wetland"
20010259,2,"riparian, wetland"
20010263,2,"riparian, wetland"
20010313,2,"passage, road"
20010326,2,"passage, road"
20010335,2,"passage, road"
20010340,2,"passage, road"
20010343,2,"passage, road"
20010347,2,"passage, road"
20010348,2,"passage, road"
20010559,2,"passage, road"
20010591,2,"passage, road"
20010607,2,"passage, road"
20010608,2,"passage, road"
20010612,2,"passage, road"
20010613,2,"passage, road"
20010620,2,"passage, road"
20010627,2,"passage, road"
20010644,3,"riparian, passage, upland"
20010645,2,"riparian, upland"
20010646,3,"riparian, passage, upland"
20010679,2,"instream, riparian"
20010680,2,"instream, riparian"
20010681,2,"instream, riparian"
20010689,2,"instream, riparian"
20010808,2,"road, upland"
20010815,2,"road, upland"
20010816,2,"instream, riparian"
20010817,2,"road, upland"
20010826,2,"instream, upland"
20010828,2,"road, upland"
20010829,2,"road, upland"
20010880,4,"instream, riparian, passage, upland"
20010895,2,"riparian, upland"
20010896,2,"riparian, upland"
20010901,2,"riparian, upland"
20010909,2,"riparian, upland"
20010910,2,"riparian, upland"
20010911,3,"instream, riparian, upland"
20010915,2,"instream, riparian"
20010917,2,"instream, riparian"
20010930,2,"instream, road"
20010935,2,"road, upland"
20010939,2,"passage, road"
20010949,2,"instream, road"
20010977,2,"instream, riparian"
20010979,2,"riparian, passage"
20010986,3,"instream, riparian, upland"
20010988,3,"instream, riparian, road"
20010994,2,"passage, road"
20010995,2,"passage, road"
20011003,3,"passage, upland, screening"
20011004,4,"passage, upland, screening, flow"
20011005,2,"upland, flow"
20011018,2,"riparian, wetland"
20011082,2,"instream, riparian"
20011088,2,"passage, road"
20011090,4,"instream, riparian, upland, screening"
20011099,2,"passage, road"
20011103,2,"passage, road"
20011105,2,"passage, road"
20011108,2,"passage, road"
20011122,2,"riparian, upland"
20011123,2,"riparian, upland"
20011124,2,"riparian, upland"
20011126,2,"riparian, upland"
20011127,2,"riparian, upland"
20011128,2,"riparian, upland"
20011129,2,"riparian, upland"
20011130,2,"riparian, upland"
20011133,2,"riparian, upland"
20011136,2,"riparian, road"
20011137,2,"riparian, upland"
20011139,2,"instream, riparian"
20011140,2,"riparian, upland"
20011141,2,"instream, riparian"
20011142,2,"instream, riparian"
20011143,2,"instream, riparian"
20011144,2,"instream, riparian"
20011145,2,"passage, wetland"
20020002,2,"instream, passage"
20020009,2,"instream, passage"
20020031,2,"instream, riparian"
20020041,3,"instream, riparian, passage"
20020042,2,"instream, road"
20020043,2,"instream, riparian"
20020060,2,"passage, road"
20020061,2,"passage, road"
20020062,2,"passage, road"
20020063,2,"passage, road"
20020065,2,"passage, road"
20020068,2,"riparian, upland"
20020069,3,"instream, riparian, passage"
20020179,2,"passage, road"
20020236,2,"passage, road"
20020237,2,"passage, road"
20020238,2,"passage, road"
20020244,2,"passage, road"
20020249,2,"passage, road"
20020252,2,"passage, road"
20020255,2,"passage, road"
20020257,2,"passage, road"
20020343,2,"passage, road"
20020346,2,"passage, road"
20020348,2,"passage, road"
20020349,2,"passage, road"
20020350,2,"passage, road"
20020362,2,"passage, road"
20020420,2,"riparian, upland"
20020422,2,"riparian, upland"
20020428,2,"passage, wetland"
20020441,2,"riparian, passage"
20020446,2,"riparian, passage"
20020467,2,"passage, road"
20020468,2,"passage, road"
20020475,2,"passage, road"
20020478,2,"instream, upland"
20020499,2,"riparian, upland"
20020501,2,"riparian, upland"
20020532,2,"instream, riparian"
20020537,2,"riparian, road"
20020551,2,"riparian, passage"
20020558,2,"riparian, upland"
20020562,2,"riparian, upland"
20020563,2,"riparian, upland"
20020566,2,"riparian, upland"
20020567,3,"instream, riparian, upland"
20020571,2,"upland, flow"
20020574,3,"instream, riparian, upland"
20020596,2,"instream, passage"
20020633,2,"riparian, upland"
20020651,2,"road, upland"
20020652,2,"instream, passage"
20020653,2,"passage, road"
20020654,4,"instream, riparian, road, wetland"
20020663,2,"passage, road"
20020679,2,"passage, road"
20020684,2,"passage, screening"
20020697,2,"instream, passage"
20020703,2,"passage, road"
20020708,2,"road, upland"
20020714,3,"instream, riparian, upland"
20020720,2,"instream, riparian"
20020722,3,"instream, riparian, wetland"
20020749,2,"instream, passage"
20020777,2,"passage, road"
20020788,2,"riparian, upland"
20020815,2,"instream, riparian"
20020817,2,"riparian, upland"
20020820,2,"passage, road"
20020821,2,"instream, upland"
20020826,2,"passage, road"
20020843,2,"riparian, upland"
20020845,2,"passage, road"
20020847,2,"instream, riparian"
20020856,2,"instream, riparian"
20020857,2,"riparian, upland"
20020860,5,"instream, riparian, passage, road, upland"
20020861,5,"instream, riparian, passage, road, upland"
20020867,2,"passage, road"
20030003,2,"instream, passage"
20030006,2,"instream, passage"
20030007,2,"instream, passage"
20030008,2,"instream, passage"
20030068,2,"passage, road"
20030160,2,"passage, road"
20030161,2,"passage, road"
20030201,2,"riparian, upland"
20030202,2,"riparian, upland"
20030210,2,"passage, road"
20030212,2,"passage, road"
20030213,2,"passage, road"
20030215,2,"passage, road"
20030230,2,"passage, road"
20030238,2,"passage, road"
20030242,2,"passage, road"
20030244,3,"instream, passage, road"
20030248,2,"passage, road"
20030253,2,"passage, road"
20030254,3,"riparian, passage, road"
20030255,2,"passage, road"
20030280,2,"passage, road"
20030282,2,"riparian, road"
20030283,2,"riparian, road"
20030289,2,"instream, road"
20030291,2,"riparian, upland"
20030299,3,"instream, riparian, passage"
20030302,2,"riparian, upland"
20030303,2,"riparian, upland"
20030317,2,"instream, riparian"
20030359,2,"passage, road"
20030362,2,"passage, road"
20030366,2,"passage, road"
20030367,2,"passage, road"
20030368,2,"passage, road"
20030380,2,"passage, road"
20030381,2,"passage, road"
20030399,3,"instream, passage, road"
20030400,2,"instream, riparian"
20030469,2,"passage, road"
20030475,2,"passage, road"
20030485,3,"instream, riparian, road"
20030528,2,"passage, road"
20030533,2,"riparian, upland"
20030534,2,"riparian, wetland"
20030535,2,"riparian, upland"
20030536,2,"riparian, wetland"
20030537,3,"instream, riparian, wetland"
20030538,2,"instream, riparian"
20030539,3,"instream, riparian, upland"
20030540,2,"riparian, upland"
20030573,2,"instream, riparian"
20030586,2,"instream, passage"
20030670,2,"passage, road"
20030683,2,"riparian, upland"
20030684,2,"road, upland"
20030702,2,"instream, riparian"
20030703,2,"instream, riparian"
20030704,2,"riparian, passage"
20030708,3,"instream, riparian, wetland"
20030712,2,"riparian, wetland"
20030715,3,"instream, riparian, upland"
20030716,4,"instream, riparian, road, upland"
20030720,2,"instream, riparian"
20030721,2,"instream, riparian"
20030723,2,"riparian, passage"
20030725,2,"riparian, upland"
20030728,2,"riparian, upland"
20030735,2,"riparian, upland"
20030768,2,"riparian, upland"
20030772,2,"riparian, wetland"
20030778,2,"riparian, passage"
20030786,2,"riparian, upland"
20030788,2,"riparian, upland"
20030796,4,"passage, upland, screening, flow"
20030797,3,"passage, upland, flow"
20030803,3,"instream, riparian, passage"
20030804,2,"riparian, upland"
20030810,3,"instream, riparian, upland"
20030813,2,"riparian, upland"
20030815,2,"riparian, upland"
20030826,2,"riparian, upland"
20030837,2,"instream, riparian"
20030863,2,"riparian, upland"
20030870,2,"riparian, upland"
20030881,2,"riparian, upland"
20030882,2,"riparian, upland"
20030886,2,"riparian, upland"
20030887,2,"riparian, upland"
20030888,2,"riparian, upland"
20030892,2,"riparian, upland"
20030902,3,"instream, passage, road"
20030908,2,"instream, riparian"
20030921,2,"riparian, road"
20030931,4,"instream, riparian, road, upland"
20030933,2,"riparian, upland"
20030934,2,"riparian, upland"
20030935,2,"passage, road"
20030944,2,"riparian, upland"
20030952,3,"road, upland, wetland"
20030954,3,"instream, riparian, passage"
20030957,2,"instream, riparian"
20030967,2,"riparian, upland"
20030968,2,"riparian, wetland"
20030969,2,"instream, riparian"
20030972,2,"riparian, upland"
20030973,3,"riparian, passage, road"
20030981,4,"instream, riparian, road, upland"
20030982,2,"instream, riparian"
20040002,3,"instream, passage, road"
20040008,2,"instream, passage"
20040012,2,"instream, passage"
20040013,2,"instream, passage"
20040017,2,"instream, passage"
20040018,2,"instream, road"
20040021,4,"instream, riparian, passage, wetland"
20040022,3,"instream, riparian, passage"
20040037,4,"instream, riparian, passage, road"
20040038,2,"instream, riparian"
20040049,2,"passage, wetland"
20040118,2,"passage, road"
20040122,2,"passage, road"
20040127,2,"passage, road"
20040128,2,"passage, road"
20040167,2,"passage, road"
20040170,2,"instream, road"
20040186,2,"passage, road"
20040187,2,"passage, road"
20040195,2,"passage, road"
20040199,2,"passage, road"
20040201,2,"passage, road"
20040203,2,"passage, road"
20040206,2,"passage, road"
20040207,2,"passage, road"
20040208,2,"passage, road"
20040215,2,"passage, road"
20040347,2,"instream, riparian"
20040348,2,"passage, road"
20040367,2,"passage, road"
20040368,2,"riparian, road"
20040370,2,"passage, road"
20040381,2,"passage, road"
20040384,2,"riparian, road"
20040385,2,"instream, riparian"
20040386,2,"riparian, road"
20040387,2,"riparian, road"
20040388,2,"riparian, road"
20040389,2,"riparian, road"
20040393,2,"riparian, road"
20040394,2,"riparian, road"
20040397,2,"riparian, road"
20040398,2,"riparian, road"
20040399,2,"riparian, road"
20040400,2,"riparian, road"
20040401,2,"riparian, road"
20040405,2,"riparian, road"
20040414,2,"passage, road"
20040454,2,"riparian, upland"
20040459,2,"riparian, passage"
20040469,2,"riparian, upland"
20040472,2,"riparian, upland"
20040477,2,"upland, wetland"
20040493,2,"riparian, upland"
20040501,2,"riparian, upland"
20040510,4,"instream, riparian, road, upland"
20040511,2,"riparian, wetland"
20040517,2,"riparian, upland"
20040523,2,"riparian, upland"
20040524,2,"riparian, upland"
20040527,2,"riparian, upland"
20040529,3,"instream, riparian, wetland"
20040531,2,"instream, riparian"
20040535,3,"riparian, upland, wetland"
20040541,2,"riparian, wetland"
20040542,2,"riparian, upland"
20040545,2,"riparian, upland"
20040548,2,"instream, passage"
20040549,2,"riparian, passage"
20040550,2,"instream, wetland"
20040564,2,"instream, riparian"
20040567,2,"instream, riparian"
20040576,2,"instream, riparian"
20040581,2,"instream, riparian"
20040597,2,"instream, riparian"
20040601,2,"instream, road"
20040602,2,"passage, road"
20040603,2,"road, upland"
20040604,2,"road, upland"
20040610,2,"instream, road"
20040614,2,"road, upland"
20040620,2,"passage, road"
20040622,2,"road, upland"
20040623,2,"passage, road"
20040625,2,"upland, wetland"
20040627,2,"instream, riparian"
20040629,2,"instream, riparian"
20040638,2,"riparian, road"
20040640,2,"instream, riparian"
20040642,2,"passage, road"
20040655,2,"instream, upland"
20040667,2,"riparian, upland"
20040680,2,"riparian, upland"
20040705,2,"riparian, upland"
20040718,2,"riparian, upland"
20040734,2,"riparian, upland"
20040738,2,"riparian, upland"
20040745,2,"riparian, upland"
20040749,2,"riparian, upland"
20040752,2,"riparian, upland"
20040770,2,"riparian, upland"
20040772,2,"riparian, upland"
20040773,3,"instream, riparian, upland"
20040776,3,"riparian, upland, wetland"
20040777,2,"riparian, passage"
20040778,3,"instream, riparian, wetland"
20040786,2,"road, upland"
20040788,2,"riparian, upland"
20040797,2,"riparian, wetland"
20040803,2,"instream, riparian"
20040844,2,"passage, estuarine"
20040854,2,"passage, road"
20040887,2,"riparian, passage"
20040888,2,"instream, riparian"
20040889,2,"instream, riparian"
20040898,4,"instream, riparian, passage, road"
20040899,2,"instream, riparian"
20040900,2,"instream, riparian"
20040902,2,"upland, wetland"
20040913,3,"instream, riparian, road"
20040914,2,"instream, riparian"
20040915,2,"riparian, upland"
20040916,2,"instream, riparian"
20040917,2,"instream, riparian"
20040920,2,"riparian, wetland"
20040923,3,"passage, upland, screening"
20040960,2,"passage, road"
20040961,2,"riparian, upland"
20040964,2,"riparian, upland"
20050001,2,"instream, passage"
20050011,2,"instream, riparian"
20050012,2,"instream, riparian"
20050019,2,"instream, riparian"
20050025,2,"instream, riparian"
20050026,4,"instream, riparian, passage, road"
20050027,2,"instream, riparian"
20050028,3,"instream, passage, road"
20050029,2,"instream, passage"
20050032,3,"instream, passage, road"
20050034,2,"instream, passage"
20050046,2,"riparian, estuarine"
20050053,2,"instream, riparian"
20050056,2,"instream, riparian"
20050059,2,"instream, riparian"
20050064,2,"instream, riparian"
20050071,2,"instream, riparian"
20050072,2,"instream, riparian"
20050083,2,"instream, riparian"
20050144,2,"riparian, road"
20050146,2,"riparian, road"
20050193,2,"passage, road"
20050194,2,"passage, road"
20050195,2,"passage, road"
20050196,2,"passage, road"
20050246,2,"passage, road"
20050247,2,"passage, road"
20050249,2,"passage, road"
20050261,2,"passage, road"
20050265,2,"passage, road"
20050287,2,"passage, road"
20050292,2,"passage, road"
20050293,2,"passage, road"
20050318,2,"riparian, wetland"
20050445,2,"instream, estuarine"
20050457,2,"passage, road"
20050461,2,"instream, riparian"
20050463,3,"instream, riparian, road"
20050464,2,"instream, riparian"
20050465,2,"instream, riparian"
20050466,2,"instream, riparian"
20050491,2,"riparian, upland"
20050497,2,"riparian, upland"
20050498,3,"riparian, upland, wetland"
20050518,2,"passage, screening"
20050521,2,"instream, riparian"
20050524,2,"riparian, upland"
20050525,2,"riparian, upland"
20050526,2,"instream, riparian"
20050527,2,"riparian, passage"
20050529,2,"instream, riparian"
20050530,2,"riparian, upland"
20050531,2,"riparian, upland"
20050535,2,"riparian, upland"
20050546,2,"instream, wetland"
20050563,2,"riparian, upland"
20050564,2,"riparian, upland"
20050585,2,"riparian, upland"
20050586,2,"riparian, upland"
20050587,2,"riparian, wetland"
20050595,2,"instream, riparian"
20050631,2,"instream, upland"
20050634,2,"instream, upland"
20050656,2,"riparian, upland"
20050657,3,"riparian, upland, wetland"
20050659,2,"riparian, upland"
20050661,2,"road, upland"
20050662,2,"instream, riparian"
20050697,2,"instream, riparian"
20050698,3,"instream, riparian, upland"
20050699,2,"instream, riparian"
20050701,2,"instream, riparian"
20050702,2,"instream, riparian"
20050708,2,"riparian, upland"
20050711,2,"passage, upland"
20050721,3,"instream, riparian, upland"
20050722,2,"instream, riparian"
20050723,2,"instream, riparian"
20050724,2,"instream, riparian"
20050725,3,"instream, riparian, wetland"
20050726,2,"instream, riparian"
20050727,2,"instream, riparian"
20050728,3,"instream, riparian, passage"
20050729,2,"instream, riparian"
20050730,2,"instream, riparian"
20050731,2,"instream, passage"
20050734,2,"instream, riparian"
20050740,2,"riparian, passage"
20050741,4,"instream, riparian, upland, flow"
20050748,3,"riparian, road, upland"
20050750,4,"instream, riparian, passage, screening"
20050752,3,"riparian, road, upland"
20050754,3,"road, upland, wetland"
20050762,2,"road, upland"
20050764,2,"riparian, upland"
20050766,3,"instream, riparian, upland"
20050770,2,"riparian, upland"
20050773,2,"instream, riparian"
20050775,2,"passage, screening"
20050776,2,"upland, flow"
20050777,2,"road, upland"
20050781,2,"riparian, upland"
20050797,2,"instream, riparian"
20050798,2,"instream, riparian"
20050799,2,"passage, screening"
20050800,2,"passage, screening"
20050807,2,"passage, road"
20050825,2,"riparian, upland"
20050828,2,"riparian, upland"
20050829,3,"passage, upland, screening"
20050831,2,"riparian, upland"
20050832,2,"riparian, upland"
20060016,2,"passage, upland"
20060017,4,"instream, riparian, passage, road"
20060067,4,"instream, riparian, passage, road"
20060152,2,"passage, road"
20060156,2,"riparian, road"
20060157,2,"riparian, road"
20060158,2,"riparian, road"
20060160,2,"riparian, road"
20060162,2,"riparian, road"
20060163,2,"riparian, road"
20060187,2,"passage, road"
20060228,2,"passage, road"
20060230,2,"passage, road"
20060232,2,"passage, road"
20060233,2,"passage, road"
20060234,2,"passage, road"
20060237,2,"passage, road"
20060238,2,"passage, road"
20060240,2,"passage, road"
20060242,2,"passage, road"
20060243,2,"passage, road"
20060301,3,"riparian, upland, wetland"
20060307,3,"instream, riparian, passage"
20060349,2,"riparian, passage"
20060386,2,"passage, road"
20060417,2,"passage, road"
20060429,3,"instream, riparian, passage"
20060434,2,"riparian, passage"
20060444,3,"instream, riparian, upland"
20060464,2,"instream, riparian"
20060466,2,"riparian, passage"
20060467,2,"instream, riparian"
20060471,2,"instream, riparian"
20060479,2,"riparian, passage"
20060485,2,"riparian, upland"
20060494,2,"riparian, wetland"
20060513,2,"riparian, upland"
20060529,2,"passage, road"
20060532,2,"riparian, upland"
20060546,4,"instream, riparian, road, upland"
20060549,3,"instream, riparian, upland"
20060550,2,"instream, riparian"
20060551,3,"instream, riparian, upland"
20060552,2,"instream, riparian"
20060553,2,"riparian, upland"
20060555,3,"riparian, passage, road"
20060561,2,"instream, riparian"
20060587,2,"riparian, upland"
20060591,2,"riparian, upland"
20060599,3,"passage, upland, screening"
20060600,2,"upland, screening"
20060602,2,"riparian, upland"
20060631,2,"riparian, upland"
20060637,2,"instream, riparian"
20060639,2,"instream, riparian"
20060644,3,"instream, riparian, passage"
20060645,2,"riparian, upland"
20060658,2,"instream, passage"
20060659,2,"instream, passage"
20060664,2,"riparian, passage"
20060681,2,"riparian, wetland"
20060682,2,"riparian, upland"
20060689,2,"riparian, road"
20060692,2,"instream, passage"
20060693,2,"instream, passage"
20060707,2,"riparian, upland"
20060708,2,"upland, wetland"
20060710,2,"riparian, upland"
20060719,2,"instream, riparian"
20060730,2,"riparian, upland"
20060757,2,"instream, wetland"
20060759,2,"riparian, upland"
20060774,2,"riparian, upland"
20060775,2,"passage, upland"
20060777,3,"passage, upland, screening"
20060784,3,"instream, riparian, passage"
20060785,3,"instream, riparian, road"
20060802,2,"riparian, wetland"
20060803,2,"riparian, upland"
20060923,2,"riparian, road"
20060924,2,"riparian, road"
20060925,2,"riparian, road"
20060926,2,"riparian, road"
20060927,2,"riparian, road"
20060928,2,"riparian, road"
20060929,2,"riparian, road"
20060930,2,"riparian, road"
20060932,3,"instream, riparian, road"
20060933,2,"riparian, road"
20060934,2,"riparian, road"
20060935,2,"riparian, road"
20060936,2,"riparian, road"
20060937,2,"riparian, road"
20060938,2,"riparian, road"
20060939,2,"riparian, road"
20060940,2,"riparian, road"
20060941,2,"riparian, road"
20060944,2,"instream, riparian"
20060945,2,"riparian, upland"
20060955,2,"passage, upland"
20060956,2,"riparian, upland"
20060958,2,"riparian, upland"
20060964,3,"instream, riparian, wetland"
20060965,3,"instream, riparian, passage"
20060966,3,"instream, riparian, upland"
20060967,2,"riparian, upland"
20061076,2,"instream, riparian"
20061077,3,"riparian, wetland, screening"
20061078,2,"riparian, upland"
20061079,2,"riparian, upland"
20061080,3,"instream, riparian, upland"
20061081,3,"instream, riparian, upland"
20070004,2,"instream, passage"
20070010,2,"instream, road"
20070017,2,"instream, riparian"
20070026,2,"instream, passage"
20070028,3,"instream, passage, road"
20070030,2,"instream, riparian"
20070039,2,"passage, road"
20070044,3,"instream, riparian, upland"
20070047,2,"passage, road"
20070062,2,"upland, wetland"
20070073,2,"riparian, road"
20070084,2,"riparian, road"
20070086,2,"riparian, upland"
20070092,2,"passage, road"
20070106,4,"instream, passage, road, estuarine"
20070107,2,"instream, road"
20070111,2,"instream, riparian"
20070113,2,"instream, passage"
20070123,2,"instream, riparian"
20070126,2,"upland, wetland"
20070127,3,"instream, passage, screening"
20070128,2,"riparian, upland"
20070131,2,"instream, riparian"
20070209,2,"instream, road"
20070265,2,"passage, road"
20070266,2,"passage, road"
20070267,2,"passage, road"
20070356,2,"instream, passage"
20070357,2,"passage, road"
20070358,2,"passage, road"
20070429,2,"instream, riparian"
20070430,3,"riparian, passage, wetland"
20070468,2,"instream, riparian"
20070473,4,"instream, riparian, upland, screening"
20070474,4,"instream, riparian, upland, screening"
20070479,3,"instream, riparian, passage"
20070482,2,"riparian, passage"
20070483,2,"instream, riparian"
20070486,2,"instream, upland"
20070487,5,"instream, riparian, passage, upland, screening"
20070489,2,"instream, riparian"
20070492,2,"riparian, upland"
20070512,2,"riparian, upland"
20070537,2,"instream, riparian"
20070539,2,"riparian, upland"
20070540,2,"instream, riparian"
20070541,3,"instream, riparian, upland"
20070542,2,"riparian, upland"
20070547,2,"instream, passage"
20070551,2,"riparian, upland"
20070553,4,"instream, riparian, passage, wetland"
20070557,2,"riparian, upland"
20070564,2,"instream, riparian"
20070565,2,"riparian, upland"
20070566,2,"instream, riparian"
20070567,2,"riparian, upland"
20070573,2,"riparian, upland"
20070578,3,"instream, riparian, upland"
20070589,2,"upland, wetland"
20070595,2,"riparian, urban"
20070596,2,"upland, wetland"
20070602,2,"riparian, upland"
20070605,2,"riparian, upland"
20070606,3,"instream, riparian, upland"
20070621,2,"riparian, upland"
20070622,2,"riparian, upland"
20070634,3,"instream, passage, road"
20070635,3,"riparian, passage, road"
20070637,2,"riparian, road"
20070641,3,"instream, passage, road"
20070649,2,"riparian, upland"
20070652,4,"instream, passage, screening, flow"
20070693,3,"instream, passage, upland"
20070715,2,"instream, riparian"
20070727,2,"passage, upland"
20070729,2,"passage, road"
20070730,3,"passage, upland, screening"
20070734,2,"riparian, upland"
20070735,3,"instream, riparian, passage"
20070743,2,"instream, riparian"
20070753,2,"riparian, wetland"
20070754,4,"instream, riparian, passage, estuarine"
20070755,2,"instream, passage"
20070756,3,"riparian, wetland, urban"
20070757,3,"instream, riparian, wetland"
20070758,4,"instream, passage, upland, screening"
20070768,2,"instream, riparian"
20070769,3,"instream, riparian, passage"
20070772,2,"instream, riparian"
20070774,3,"instream, riparian, wetland"
20070775,2,"riparian, upland"
20070779,2,"passage, screening"
20070780,3,"instream, riparian, wetland"
20070801,2,"passage, wetland"
20070853,2,"riparian, road"
20070855,2,"riparian, road"
20080004,2,"riparian, upland"
20080017,2,"riparian, upland"
20080022,2,"riparian, upland"
20080023,2,"riparian, upland"
20080070,3,"instream, riparian, passage"
20080073,2,"riparian, upland"
20080074,2,"instream, riparian"
20080082,3,"instream, riparian, passage"
20080083,2,"upland, flow"
20080093,2,"riparian, upland"
20080095,3,"instream, riparian, passage"
20080110,2,"instream, riparian"
20080111,3,"instream, riparian, wetland"
20080119,2,"riparian, upland"
20080121,2,"upland, wetland"
20080123,2,"riparian, upland"
20080134,2,"instream, riparian"
20080136,2,"riparian, upland"
20080137,3,"passage, upland, screening"
20080138,2,"upland, screening"
20080141,2,"riparian, passage"
20080149,2,"instream, passage"
20080171,2,"passage, screening"
20080178,2,"passage, screening"
20080183,3,"instream, passage, road"
20080184,2,"instream, passage"
20080201,2,"riparian, upland"
20080202,2,"riparian, upland"
20080205,3,"instream, riparian, passage"
20080213,2,"instream, riparian"
20080215,2,"instream, riparian"
20080218,4,"instream, riparian, passage, road"
20080220,3,"instream, riparian, wetland"
20080222,2,"upland, flow"
20080225,2,"instream, passage"
20080249,2,"upland, urban"
20080251,4,"instream, riparian, passage, road"
20080303,2,"instream, passage"
20080306,2,"instream, riparian"
20080307,2,"riparian, upland"
20080309,2,"upland, flow"
20080311,2,"riparian, passage"
20080313,2,"instream, passage"
20080318,3,"instream, riparian, passage"
20080322,3,"instream, riparian, road"
20080330,3,"passage, upland, screening"
20080331,2,"riparian, upland"
20080332,3,"riparian, passage, upland"
20080333,2,"riparian, passage"
20080338,2,"instream, passage"
20080343,2,"riparian, wetland"
20080345,2,"road, upland"
20080346,3,"instream, riparian, passage"
20080347,3,"instream, riparian, upland"
20080348,3,"riparian, passage, upland"
20080349,2,"riparian, passage"
20080379,2,"riparian, upland"
20080382,2,"passage, road"
20080424,4,"instream, riparian, upland, wetland"
20080427,2,"riparian, road"
20080450,2,"instream, riparian"
20080454,2,"riparian, upland"
20080469,3,"instream, riparian, road"
20080472,2,"passage, road"
20080495,2,"riparian, upland"
20080503,2,"instream, riparian"
20080519,2,"upland, flow"
20080520,2,"instream, riparian"
20080521,2,"riparian, upland"
20080522,2,"riparian, upland"
20080524,4,"instream, riparian, passage, upland"
20080527,4,"instream, riparian, passage, urban"
20080531,3,"instream, riparian, wetland"
20080533,2,"instream, riparian"
20080541,2,"instream, riparian"
20080553,3,"instream, riparian, road"
20080562,2,"instream, riparian"
20080567,4,"instream, riparian, passage, upland"
20080568,3,"instream, passage, road"
20080569,2,"riparian, road"
20080570,3,"instream, riparian, road"
20080572,2,"instream, passage"
20080574,3,"instream, riparian, passage"
20080576,2,"instream, riparian"
20080577,3,"instream, riparian, wetland"
20080578,3,"instream, riparian, road"
20080589,2,"riparian, passage"
20080600,2,"passage, road"
20080601,2,"passage, road"
20080610,2,"riparian, upland"
20080617,2,"instream, road"
20080634,2,"riparian, passage"
20080655,4,"instream, riparian, wetland, urban"
20080657,3,"riparian, road, upland"
20080662,2,"passage, upland"
20080669,2,"instream, riparian"
20080687,2,"instream, riparian"
20080694,2,"passage, road"
20080696,2,"passage, road"
20080697,2,"passage, road"
20080698,2,"passage, road"
20080702,2,"passage, road"
20080719,2,"instream, riparian"
20080722,2,"riparian, upland"
20080723,2,"riparian, upland"
20080724,2,"riparian, upland"
20080725,2,"riparian, upland"
20080726,2,"riparian, upland"
20080727,3,"instream, riparian, passage"
20080730,2,"instream, riparian"
20080731,4,"instream, riparian, upland, wetland"
20090002,2,"riparian, upland"
20090007,3,"instream, riparian, wetland"
20090024,3,"passage, upland, screening"
20090055,2,"passage, road"
20090069,2,"riparian, upland"
20090071,2,"instream, riparian"
20090075,3,"instream, riparian, wetland"
20090084,2,"instream, riparian"
20090085,2,"instream, riparian"
20090090,2,"riparian, upland"
20090094,2,"passage, road"
20090102,3,"instream, riparian, passage"
20090103,2,"riparian, upland"
20090108,3,"instream, riparian, passage"
20090110,2,"instream, riparian"
20090111,2,"riparian, upland"
20090116,2,"riparian, upland"
20090124,2,"upland, flow"
20090126,2,"riparian, upland"
20090132,3,"instream, riparian, wetland"
20090136,2,"instream, riparian"
20090143,3,"instream, riparian, wetland"
20090151,3,"instream, riparian, passage"
20090164,2,"instream, passage"
20090168,3,"instream, riparian, passage"
20090189,2,"instream, riparian"
20090193,2,"instream, road"
20090197,2,"instream, riparian"
20090203,2,"instream, riparian"
20090206,2,"riparian, upland"
20090215,2,"instream, riparian"
20090219,2,"riparian, upland"
20090242,2,"instream, passage"
20090246,3,"instream, riparian, passage"
20090247,2,"passage, upland"
20090250,2,"instream, riparian"
20090253,2,"riparian, upland"
20090268,2,"upland, wetland"
20090271,2,"instream, riparian"
20090273,3,"riparian, passage, upland"
20090300,2,"instream, riparian"
20090302,2,"riparian, upland"
20090325,2,"riparian, upland"
20090326,2,"riparian, passage"
20090327,3,"riparian, passage, upland"
20090336,2,"passage, estuarine"
20090340,2,"riparian, upland"
20090341,2,"passage, upland"
20090344,2,"instream, riparian"
20090373,2,"instream, riparian"
20090375,2,"passage, road"
20090409,2,"passage, road"
20090411,2,"passage, screening"
20090424,2,"instream, passage"
20090428,4,"instream, riparian, passage, upland"
20090434,2,"riparian, road"
20090456,2,"upland, wetland"
20090457,2,"instream, road"
20090471,2,"instream, riparian"
20090474,2,"passage, urban"
20090535,2,"instream, riparian"
20090538,3,"instream, passage, road"
20090544,2,"instream, passage"
20090550,2,"passage, road"
20090551,2,"instream, passage"
20090554,2,"instream, riparian"
20090556,3,"riparian, upland, wetland"
20090558,2,"riparian, upland"
20090584,5,"instream, riparian, passage, wetland, flow"
20090585,2,"instream, riparian"
20090586,2,"instream, riparian"
20090592,2,"passage, road"
20090617,2,"instream, riparian"
20090618,2,"instream, passage"
20090622,2,"riparian, upland"
20090626,2,"riparian, upland"
20090627,2,"riparian, upland"
20090630,2,"riparian, upland"
20090632,2,"riparian, upland"
20090653,2,"passage, upland"
20090654,2,"instream, riparian"
20090660,2,"instream, riparian"
20090668,2,"riparian, upland"
20090670,2,"instream, riparian"
20090673,2,"riparian, road"
20090674,2,"instream, riparian"
20090675,2,"instream, riparian"
20100007,2,"riparian, upland"
20100011,3,"passage, road, upland"
20100012,3,"instream, riparian, upland"
20100037,3,"instream, riparian, road"
20100038,2,"riparian, road"
20100040,2,"riparian, wetland"
20100057,3,"instream, riparian, wetland"
20100058,2,"riparian, road"
20100059,3,"instream, riparian, passage"
20100065,2,"passage, screening"
20100068,2,"riparian, wetland"
20100071,3,"riparian, road, upland"
20100073,2,"upland, wetland"
20100075,2,"instream, riparian"
20100092,3,"instream, riparian, upland"
20100093,2,"instream, riparian"
20100102,2,"instream, riparian"
20100107,2,"riparian, wetland"
20100111,2,"instream, screening"
20100134,2,"instream, passage"
20100155,2,"riparian, upland"
20100158,2,"instream, passage"
20100165,3,"instream, riparian, passage"
20100173,2,"riparian, upland"
20100178,2,"instream, riparian"
20100179,2,"instream, road"
20100187,2,"passage, road"
20100188,2,"passage, road"
20100190,4,"riparian, passage, wetland, estuarine"
20100191,2,"passage, estuarine"
20100193,2,"instream, passage"
20100194,2,"instream, passage"
20100195,2,"instream, passage"
20100196,3,"instream, passage, upland"
20100199,2,"instream, riparian"
20100201,2,"instream, upland"
20100210,2,"instream, riparian"
20100214,3,"instream, passage, road"
20100221,2,"instream, riparian"
20100222,2,"riparian, upland"
20100224,2,"passage, upland"
20100225,2,"instream, passage"
20100226,2,"riparian, upland"
20100228,3,"instream, riparian, passage"
20100231,2,"riparian, upland"
20100248,2,"instream, riparian"
20100251,3,"instream, riparian, passage"
20100254,2,"instream, riparian"
20100259,3,"instream, riparian, passage"
20100282,2,"riparian, upland"
20100283,2,"instream, riparian"
20100285,2,"passage, upland"
20100295,3,"instream, riparian, passage"
20100306,4,"instream, riparian, passage, screening"
20100340,3,"riparian, road, upland"
20100342,2,"riparian, passage"
20100347,2,"instream, riparian"
20100350,2,"instream, upland"
20100354,2,"instream, upland"
20100362,2,"passage, screening"
20100377,2,"riparian, passage"
20100379,3,"instream, riparian, road"
20100384,3,"instream, riparian, passage"
20100391,2,"instream, passage"
20100395,3,"instream, riparian, wetland"
20100397,2,"instream, riparian"
20100398,2,"riparian, passage"
20100401,2,"instream, riparian"
20100410,3,"instream, riparian, passage"
20100411,2,"instream, passage"
20100414,2,"instream, passage"
20100416,2,"upland, wetland"
20100419,2,"instream, riparian"
20100422,2,"instream, riparian"
20100423,2,"instream, riparian"
20100424,2,"instream, riparian"
20100428,2,"instream, riparian"
20100429,2,"instream, riparian"
20100430,2,"instream, riparian"
20100433,2,"instream, riparian"
20100434,2,"instream, riparian"
20100436,2,"instream, riparian"
20100439,2,"instream, riparian"
20100442,2,"instream, riparian"
20100446,2,"riparian, upland"
20100447,2,"riparian, road"
20100462,2,"instream, riparian"
20100463,2,"instream, upland"
20100467,2,"instream, passage"
20100470,2,"instream, riparian"
20100474,2,"instream, riparian"
20100476,2,"instream, riparian"
20100486,2,"riparian, road"
20100487,2,"riparian, road"
20100488,2,"instream, riparian"
20100489,3,"instream, riparian, road"
20100499,5,"riparian, passage, upland, screening, flow"
20100506,2,"passage, screening"
20100507,2,"wetland, estuarine"
20100508,2,"instream, riparian"
20100511,2,"instream, riparian"
20100526,3,"instream, riparian, passage"
20100543,2,"passage, upland"
20100583,5,"instream, riparian, passage, road, upland"
20100592,2,"passage, road"
20100612,2,"riparian, upland"
20100615,2,"upland, wetland"
20100617,2,"upland, wetland"
20100622,2,"instream, passage"
20100623,2,"riparian, upland"
20100628,2,"riparian, wetland"
20100668,2,"passage, road"
20110013,3,"instream, riparian, road"
20110029,2,"riparian, upland"
20110034,2,"riparian, upland"
20110035,2,"riparian, upland"
20110041,2,"passage, wetland"
20110042,2,"upland, urban"
20110079,2,"riparian, upland"
20110080,2,"instream, passage"
20110089,3,"instream, road, upland"
20110092,2,"instream, riparian"
20110095,2,"instream, riparian"
20110096,2,"riparian, upland"
20110097,3,"instream, passage, road"
20110108,2,"riparian, upland"
20110109,2,"instream, riparian"
20110113,4,"instream, riparian, passage, road"
20110114,3,"instream, riparian, passage"
20110117,3,"passage, upland, screening"
20110118,4,"instream, riparian, passage, road"
20110119,3,"riparian, passage, road"
20110120,2,"riparian, upland"
20110131,2,"instream, riparian"
20110140,2,"instream, riparian"
20110143,2,"screening, flow"
20110144,2,"instream, riparian"
20110150,2,"riparian, upland"
20110155,2,"instream, riparian"
20110156,2,"riparian, passage"
20110162,2,"instream, riparian"
20110175,2,"riparian, upland"
20110178,2,"riparian, upland"
20110179,3,"instream, riparian, passage"
20110182,3,"instream, riparian, passage"
20110183,2,"riparian, upland"
20110184,2,"riparian, upland"
20110185,2,"riparian, upland"
20110187,2,"riparian, upland"
20110188,2,"instream, upland"
20110191,3,"instream, riparian, passage"
20110193,2,"instream, riparian"
20110201,2,"riparian, upland"
20110202,2,"upland, wetland"
20110211,2,"instream, riparian"
20110216,2,"riparian, passage"
20110222,5,"instream, riparian, passage, upland, wetland"
20110223,2,"instream, wetland"
20110224,2,"riparian, upland"
20110225,2,"instream, passage"
20110228,4,"instream, riparian, upland, wetland"
20110230,4,"instream, riparian, upland, wetland"
20110233,2,"upland, wetland"
20110234,2,"riparian, wetland"
20110235,2,"upland, wetland"
20110236,2,"riparian, wetland"
20110240,6,"instream, riparian, passage, upland, wetland, urban"
20110263,3,"instream, riparian, passage"
20110265,4,"instream, riparian, passage, screening"
20110269,2,"upland, flow"
20110271,2,"riparian, upland"
20110272,2,"upland, wetland"
20110274,2,"upland, wetland"
20110275,2,"riparian, wetland"
20110281,2,"riparian, upland"
20110298,2,"instream, passage"
20110309,2,"passage, upland"
20110314,2,"instream, estuarine"
20110317,3,"instream, riparian, wetland"
20110318,2,"instream, riparian"
20110320,4,"instream, riparian, passage, road"
20110326,3,"instream, riparian, passage"
20110327,2,"instream, riparian"
20110344,2,"riparian, upland"
20110352,3,"riparian, upland, wetland"
20110355,4,"instream, riparian, upland, wetland"
20110369,2,"instream, riparian"
20110372,2,"passage, road"
20110398,2,"passage, road"
20110399,2,"passage, upland"
20110401,2,"riparian, upland"
20110402,2,"riparian, upland"
20110408,2,"riparian, upland"
20110410,3,"instream, riparian, passage"
20110415,2,"riparian, upland"
20110419,4,"instream, riparian, passage, wetland"
20110470,2,"riparian, road"
20110474,2,"riparian, road"
20110483,2,"instream, riparian"
20110491,2,"instream, riparian"
20110492,2,"instream, riparian"
20110493,2,"instream, riparian"
20110497,2,"passage, screening"
20110512,2,"passage, road"
20110514,2,"passage, road"
20110515,2,"instream, riparian"
20110517,2,"instream, passage"
20120001,2,"riparian, passage"
20120002,2,"instream, passage"
20120006,2,"passage, flow"
20120011,3,"instream, riparian, road"
20120014,2,"riparian, passage"
20120016,3,"instream, riparian, upland"
20120023,2,"riparian, upland"
20120024,2,"riparian, upland"
20120054,2,"instream, riparian"
20120069,3,"riparian, passage, upland"
20120099,2,"instream, riparian"
20120109,2,"riparian, upland"
20120114,2,"upland, wetland"
20120116,2,"instream, riparian"
20120121,2,"instream, riparian"
20120125,3,"instream, riparian, upland"
20120126,3,"instream, riparian, passage"
20120129,3,"instream, riparian, passage"
20120168,2,"wetland, urban"
20120181,2,"instream, riparian"
20120183,2,"instream, riparian"
20120197,2,"instream, passage"
20120202,2,"instream, riparian"
20120204,2,"upland, flow"
20120206,2,"riparian, upland"
20120207,2,"instream, riparian"
20120211,3,"instream, riparian, passage"
20120217,2,"instream, riparian"
20120226,2,"riparian, upland"
20120229,2,"instream, riparian"
20120237,2,"instream, riparian"
20120238,2,"riparian, upland"
20120239,2,"riparian, wetland"
20120243,2,"riparian, passage"
20120245,3,"instream, riparian, passage"
20120246,4,"instream, riparian, passage, road"
20120247,3,"riparian, upland, wetland"
20120248,2,"riparian, upland"
20120258,2,"riparian, upland"
20120259,2,"riparian, upland"
20120265,3,"riparian, upland, wetland"
20120268,3,"instream, riparian, passage"
20120270,2,"instream, riparian"
20120271,2,"instream, riparian"
20120288,2,"instream, riparian"
20120289,2,"instream, riparian"
20120291,2,"riparian, upland"
20120294,3,"riparian, upland, urban"
20120304,3,"instream, passage, road"
20120306,2,"riparian, passage"
20120307,3,"instream, riparian, passage"
20120308,2,"instream, riparian"
20120310,2,"riparian, upland"
20120311,2,"riparian, upland"
20120312,2,"instream, riparian"
20120313,2,"riparian, upland"
20120314,5,"instream, riparian, passage, upland, screening"
20120315,2,"riparian, upland"
20120316,2,"riparian, upland"
20120317,2,"upland, screening"
20120318,2,"instream, riparian"
20120322,2,"passage, road"
20120323,5,"instream, riparian, passage, road, wetland"
20120325,3,"instream, riparian, wetland"
20120326,2,"instream, riparian"
20120328,2,"riparian, upland"
20120329,2,"riparian, upland"
20120330,2,"passage, screening"
20120333,2,"riparian, upland"
20120339,2,"instream, riparian"
20120343,2,"riparian, upland"
20120345,2,"instream, riparian"
20120359,2,"riparian, upland"
20120367,2,"riparian, upland"
20120370,3,"instream, riparian, upland"
20120373,2,"passage, screening"
20120376,4,"instream, riparian, upland, wetland"
20120377,2,"passage, upland"
20120387,2,"riparian, road"
20120393,2,"riparian, road"
20120402,2,"instream, riparian"
20120403,2,"instream, riparian"
20120409,2,"instream, riparian"
20120419,3,"instream, riparian, upland"
20120420,3,"instream, passage, screening"
20120421,2,"riparian, upland"
20120422,2,"instream, riparian"
20120424,3,"instream, riparian, passage"
20120428,4,"instream, riparian, passage, upland"
20120429,3,"instream, riparian, wetland"
20120434,2,"riparian, passage"
20120441,4,"instream, riparian, road, upland"
20120443,2,"instream, riparian"
20120444,3,"instream, riparian, passage"
20120445,2,"riparian, road"
20120450,4,"instream, riparian, passage, road"
20120451,3,"instream, riparian, upland"
20120453,2,"riparian, wetland"
20120456,4,"instream, riparian, passage, wetland"
20120466,2,"instream, riparian"
20120471,2,"passage, screening"
20120474,2,"riparian, upland"
20120515,2,"riparian, upland"
20120533,2,"passage, screening"
20120617,2,"riparian, road"
20120639,2,"riparian, wetland"
20120640,2,"instream, riparian"
20120647,3,"instream, riparian, upland"
20120659,2,"instream, riparian"
20120692,2,"road, upland"
20120699,2,"instream, passage"
20120700,2,"instream, passage"
20120717,2,"passage, screening"
20120718,2,"wetland, estuarine"
20120720,3,"instream, passage, estuarine"
20120723,3,"instream, riparian, road"
20120725,2,"riparian, upland"
20120728,3,"instream, riparian, passage"
20120731,3,"upland, wetland, urban"
20120740,2,"riparian, upland"
20130008,2,"instream, riparian"
20130010,2,"riparian, upland"
20130011,2,"riparian, upland"
20130012,2,"riparian, passage"
20130018,2,"riparian, upland"
20130020,2,"instream, riparian"
20130023,2,"riparian, passage"
20130027,3,"instream, riparian, passage"
20130030,3,"instream, riparian, passage"
20130033,4,"instream, riparian, passage, road"
20130065,2,"instream, riparian"
20130090,2,"riparian, upland"
20130092,2,"screening, flow"
20130104,2,"riparian, upland"
20130126,3,"instream, riparian, wetland"
20130131,2,"riparian, upland"
20130132,2,"riparian, upland"
20130134,3,"instream, riparian, passage"
20130145,3,"instream, riparian, upland"
20130146,2,"instream, passage"
20130150,2,"passage, wetland"
20130154,2,"riparian, upland"
20130157,3,"riparian, passage, upland"
20130160,2,"riparian, upland"
20130164,2,"upland, flow"
20130171,2,"instream, passage"
20130172,2,"passage, upland"
20130173,2,"instream, passage"
20130174,2,"instream, riparian"
20130177,2,"instream, riparian"
20130178,3,"instream, riparian, passage"
20130179,2,"road, upland"
20130184,2,"instream, passage"
20130195,2,"passage, screening"
20130196,2,"riparian, passage"
20130203,2,"riparian, upland"
20130205,2,"instream, riparian"
20130207,3,"instream, riparian, passage"
20130209,2,"riparian, road"
20130212,2,"instream, passage"
20130214,2,"passage, flow"
20130219,2,"instream, passage"
20130220,3,"passage, screening, flow"
20130241,2,"riparian, upland"
20130255,2,"instream, passage"
20130267,2,"instream, riparian"
20130270,3,"riparian, upland, wetland"
20130271,2,"instream, riparian"
20130290,2,"instream, passage"
20130292,2,"instream, riparian"
20130293,2,"instream, riparian"
20130295,2,"riparian, upland"
20130297,4,"instream, riparian, passage, wetland"
20130299,2,"passage, screening"
20130301,2,"instream, riparian"
20130302,2,"riparian, upland"
20130309,2,"riparian, upland"
20130332,2,"instream, riparian"
20130334,2,"road, upland"
20130337,3,"riparian, passage, road"
20130347,2,"instream, passage"
20130351,2,"riparian, upland"
20130352,2,"riparian, upland"
20130360,2,"riparian, upland"
20130362,3,"instream, riparian, upland"
20130363,2,"riparian, upland"
20130367,3,"riparian, passage, upland"
20130371,2,"riparian, upland"
20130372,2,"riparian, upland"
20130376,2,"upland, flow"
20130381,3,"instream, riparian, passage"
20130383,2,"instream, passage"
20130385,2,"road, wetland"
20130386,4,"instream, riparian, passage, wetland"
20130392,2,"riparian, upland"
20130397,2,"riparian, upland"
20130416,5,"instream, riparian, passage, road, upland"
20130438,2,"riparian, upland"
20130441,2,"upland, wetland"
20130443,2,"passage, road"
20130453,2,"riparian, upland"
20130454,2,"riparian, upland"
20130465,2,"riparian, upland"
20130467,2,"riparian, upland"
20130498,3,"instream, riparian, passage"
20130505,2,"upland, wetland"
20130508,2,"riparian, passage"
20130515,3,"instream, riparian, passage"
20130517,2,"passage, road"
20130520,3,"instream, passage, road"
20130629,2,"instream, riparian"
20130630,2,"riparian, road"
20140003,2,"passage, estuarine"
20140006,3,"riparian, upland, wetland"
20140008,2,"riparian, upland"
20140009,2,"riparian, upland"
20140010,2,"riparian, upland"
20140020,3,"riparian, upland, wetland"
20140024,3,"instream, riparian, passage"
20140053,2,"riparian, wetland"
20140056,2,"riparian, upland"
20140060,2,"riparian, upland"
20140066,2,"riparian, upland"
20140067,2,"riparian, upland"
20140071,2,"riparian, upland"
20140087,2,"passage, road"
20140089,2,"instream, riparian"
20140091,4,"instream, riparian, passage, road"
20140103,2,"instream, passage"
20140104,2,"instream, riparian"
20140118,2,"instream, estuarine"
20140121,3,"instream, riparian, road"
20140122,4,"instream, riparian, passage, road"
20140127,3,"riparian, passage, upland"
20140160,3,"instream, riparian, passage"
20140162,3,"riparian, passage, road"
20140164,2,"passage, flow"
20140165,2,"instream, riparian"
20140169,2,"riparian, passage"
20140175,2,"riparian, passage"
20140176,2,"riparian, upland"
20140188,2,"instream, riparian"
20140197,2,"instream, riparian"
20140202,2,"riparian, upland"
20140203,2,"riparian, upland"
20140205,2,"riparian, upland"
20140212,2,"road, upland"
20140220,2,"riparian, wetland"
20140241,2,"instream, riparian"
20140243,2,"riparian, upland"
20140251,2,"instream, riparian"
20140260,2,"upland, screening"
20140263,2,"instream, riparian"
20140277,3,"instream, riparian, passage"
20140279,3,"instream, riparian, passage"
20140281,4,"instream, riparian, passage, road"
20140282,2,"riparian, upland"
20140285,2,"instream, riparian"
20140288,3,"riparian, upland, wetland"
20140289,2,"instream, riparian"
20140290,2,"instream, riparian"
20140291,3,"instream, riparian, passage"
20140293,4,"riparian, passage, road, wetland"
20140296,4,"instream, riparian, passage, road"
20140303,2,"instream, passage"
20140333,2,"instream, wetland"
20140338,2,"passage, screening"
20140345,2,"instream, passage"
20140349,2,"instream, passage"
20140353,4,"riparian, passage, upland, wetland"
20140356,4,"instream, road, upland, wetland"
20140363,3,"instream, riparian, passage"
20140376,2,"riparian, upland"
20140387,2,"passage, road"
20140388,3,"instream, riparian, upland"
20140390,2,"riparian, upland"
20140393,3,"passage, wetland, estuarine"
20140395,2,"passage, road"
20140401,2,"instream, passage"
20140410,2,"instream, road"
20140413,2,"upland, wetland"
20140416,2,"instream, passage"
20140419,2,"instream, passage"
20140422,2,"instream, road"
20140423,2,"riparian, upland"
20140424,2,"upland, estuarine"
20140431,2,"instream, road"
20140432,2,"instream, riparian"
20140434,2,"passage, screening"
20140443,2,"passage, road"
20140448,2,"passage, road"
20140485,2,"passage, upland"
20140486,2,"instream, passage"
20140500,2,"riparian, upland"
20140502,2,"instream, passage"
20140509,2,"riparian, upland"
20140529,2,"instream, riparian"
20140536,3,"instream, riparian, upland"
20140547,2,"riparian, upland"
20140553,2,"riparian, upland"
20140556,2,"instream, riparian"
20140557,2,"riparian, upland"
20150003,2,"riparian, upland"
20150005,2,"riparian, upland"
20150013,2,"riparian, upland"
20150014,2,"instream, riparian"
20150020,2,"riparian, upland"
20150022,2,"instream, riparian"
20150026,2,"instream, riparian"
20150029,2,"instream, passage"
20150037,2,"riparian, upland"
20150038,2,"upland, wetland"
20150039,2,"upland, wetland"
20150058,2,"upland, wetland"
20150067,2,"riparian, upland"
20150068,2,"riparian, wetland"
20150077,2,"riparian, upland"
20150090,2,"instream, riparian"
20150104,2,"instream, riparian"
20150106,3,"instream, riparian, upland"
20150110,2,"riparian, upland"
20150111,3,"instream, riparian, passage"
20150112,2,"instream, riparian"
20150113,3,"instream, riparian, wetland"
20150126,2,"upland, estuarine"
20150134,2,"instream, riparian"
20150135,2,"riparian, upland"
20150137,2,"riparian, wetland"
20150139,4,"instream, riparian, passage, wetland"
20150140,2,"riparian, upland"
20150141,2,"riparian, upland"
20150144,2,"instream, riparian"
20150145,2,"instream, riparian"
20150152,3,"instream, riparian, road"
20150153,6,"instream, riparian, passage, upland, screening, flow"
20150155,2,"riparian, passage"
20150159,2,"upland, screening"
20150161,2,"riparian, upland"
20150162,3,"riparian, passage, screening"
20150164,2,"riparian, wetland"
20150169,2,"instream, riparian"
20150178,2,"instream, riparian"
20150202,3,"instream, riparian, passage"
20150205,5,"instream, riparian, passage, upland, wetland"
20150206,2,"riparian, upland"
20150209,2,"riparian, upland"
20150215,2,"instream, riparian"
20150218,2,"riparian, upland"
20150224,4,"instream, riparian, upland, wetland"
20150226,2,"riparian, upland"
20150232,2,"instream, riparian"
20150234,2,"riparian, upland"
20150236,3,"instream, riparian, upland"
20150247,2,"instream, riparian"
20150256,3,"instream, riparian, upland"
20150262,2,"riparian, upland"
20150263,4,"riparian, passage, upland, screening"
20150267,2,"instream, passage"
20150272,2,"riparian, upland"
20150289,2,"passage, road"
20150306,2,"instream, passage"
20150343,2,"passage, road"
20150346,4,"riparian, upland, wetland, estuarine"
20150354,2,"instream, passage"
20150355,2,"riparian, passage"
20150356,2,"instream, riparian"
20150358,2,"instream, riparian"
20150359,3,"instream, passage, road"
20150363,2,"instream, riparian"
20150368,2,"riparian, upland"
20150372,2,"instream, riparian"
20150376,3,"instream, riparian, wetland"
20150380,2,"riparian, upland"
20150395,2,"road, upland"
20150403,2,"riparian, upland"
20150405,2,"instream, riparian"
20150406,2,"instream, riparian"
20150414,2,"passage, road"
20150415,3,"instream, riparian, passage"
20150416,4,"instream, riparian, passage, road"
20150417,4,"instream, riparian, passage, road"
20150437,2,"riparian, wetland"
20150442,2,"riparian, upland"
20150445,4,"instream, passage, road, wetland"
20150446,2,"riparian, upland"
20150447,2,"riparian, upland"
20150453,4,"instream, riparian, passage, upland"
20150459,2,"instream, upland"
20150463,2,"riparian, upland"
20150471,2,"riparian, upland"
20150548,2,"riparian, upland"
20150549,3,"road, upland, wetland"
20150551,2,"instream, riparian"
20150552,2,"instream, riparian"
20150561,2,"riparian, upland"
20150565,2,"passage, road"
20150574,2,"passage, screening"
20150581,2,"instream, passage"
20160012,2,"upland, wetland"
20160013,2,"riparian, upland"
20160016,2,"upland, wetland"
20160017,2,"riparian, upland"
20160024,2,"riparian, upland"
20160025,2,"riparian, upland"
20160026,2,"riparian, upland"
20160031,2,"riparian, upland"
20160040,2,"instream, wetland"
20160044,3,"instream, riparian, passage"
20160047,2,"riparian, upland"
20160051,3,"instream, riparian, wetland"
20160056,2,"riparian, upland"
20160057,3,"instream, riparian, passage"
20160062,2,"riparian, upland"
20160073,3,"instream, riparian, passage"
20160081,3,"riparian, upland, wetland"
20160109,3,"instream, passage, road"
20160173,2,"upland, flow"
20160175,2,"instream, passage"
20160176,4,"instream, riparian, passage, road"
20160177,2,"riparian, upland"
20160190,2,"instream, passage"
20160194,2,"instream, road"
20160195,2,"riparian, upland"
20160196,3,"instream, riparian, screening"
20160202,2,"instream, riparian"
20160203,4,"instream, riparian, passage, wetland"
20160204,2,"riparian, upland"
20160212,3,"instream, passage, wetland"
20160219,2,"passage, screening"
20160224,4,"instream, riparian, passage, upland"
20160228,2,"riparian, upland"
20160236,2,"riparian, upland"
20160237,2,"riparian, upland"
20160238,4,"instream, riparian, upland, wetland"
20160244,3,"instream, riparian, screening"
20160248,2,"riparian, upland"
20160252,2,"riparian, upland"
20160257,2,"riparian, upland"
20160261,2,"instream, riparian"
20160262,2,"riparian, upland"
20160265,2,"instream, passage"
20160273,2,"passage, flow"
20160280,3,"riparian, upland, wetland"
20160281,2,"instream, riparian"
20160284,3,"instream, riparian, passage"
20160290,2,"instream, riparian"
20160294,3,"instream, passage, road"
20160306,4,"instream, riparian, passage, upland"
20160321,3,"instream, riparian, wetland"
20160326,2,"passage, road"
20160327,2,"instream, road"
20160331,2,"instream, road"
20160337,2,"riparian, upland"
20160343,2,"instream, riparian"
20160351,3,"instream, riparian, wetland"
20160352,2,"instream, riparian"
20160353,2,"riparian, upland"
20160356,2,"instream, passage"
20160357,2,"instream, riparian"
20160358,2,"riparian, upland"
20160373,3,"instream, riparian, road"
20160381,2,"instream, riparian"
20160385,4,"instream, riparian, passage, wetland"
20160391,2,"riparian, upland"
20160392,2,"instream, riparian"
20160394,3,"instream, riparian, wetland"
20160397,2,"instream, riparian"
20160398,3,"instream, riparian, road"
20160399,2,"instream, road"
20160405,2,"riparian, upland"
20160408,2,"passage, upland"
20160412,2,"instream, riparian"
20160413,2,"instream, riparian"
20160414,4,"instream, riparian, passage, upland"
20160415,2,"riparian, road"
20160416,2,"passage, upland"
20160421,3,"instream, riparian, passage"
20160422,2,"riparian, upland"
20160423,3,"instream, riparian, upland"
20160426,2,"passage, upland"
20160429,2,"riparian, upland"
20160434,2,"riparian, upland"
20160437,2,"upland, wetland"
20160440,2,"riparian, upland"
20160446,2,"road, upland"
20170016,2,"road, upland"
20170017,2,"instream, riparian"
20170021,2,"riparian, upland"
20170022,2,"riparian, upland"
20170030,2,"riparian, upland"
20170034,2,"riparian, upland"
20170037,2,"instream, riparian"
20170044,2,"riparian, upland"
20170045,2,"upland, wetland"
20170048,2,"riparian, upland"
20170052,2,"riparian, upland"
20170053,2,"riparian, upland"
20170054,2,"upland, screening"
20170060,2,"instream, riparian"
20170062,2,"riparian, upland"
20170075,3,"riparian, passage, upland"
20170078,2,"upland, urban"
20170084,3,"passage, upland, screening"
20170087,2,"instream, riparian"
20170092,3,"instream, riparian, passage"
20170097,2,"riparian, wetland"
20170098,2,"instream, riparian"
20170099,2,"riparian, upland"
20170103,3,"instream, passage, estuarine"
20170104,2,"instream, riparian"
20170106,4,"instream, riparian, passage, screening"
20170111,2,"instream, riparian"
20170112,3,"instream, riparian, road"
20170119,2,"riparian, upland"
20170122,2,"passage, screening"
20170125,3,"riparian, upland, wetland"
20170126,2,"riparian, upland"
20170128,2,"riparian, upland"
20170130,2,"passage, screening"
20170138,3,"riparian, upland, wetland"
20170139,3,"riparian, upland, wetland"
20170142,2,"passage, screening"
20170143,3,"riparian, upland, wetland"
20170151,2,"riparian, upland"
20170161,2,"riparian, upland"
20170162,3,"instream, riparian, upland"
20170172,3,"instream, passage, road"
20170173,2,"riparian, upland"
20170214,2,"instream, riparian"
20170218,2,"upland, wetland"
20170224,2,"riparian, upland"
20170232,2,"riparian, upland"
20170240,2,"riparian, estuarine"
20170246,2,"riparian, upland"
20170255,2,"passage, road"
20170258,5,"instream, riparian, passage, road, wetland"
20170275,2,"passage, screening"
20170276,2,"riparian, upland"
20170281,2,"instream, passage"
20170285,2,"riparian, upland"
20170292,3,"passage, wetland, screening"
20170299,2,"instream, riparian"
20170300,2,"instream, riparian"
20170302,3,"riparian, passage, upland"
20170356,2,"riparian, upland"
20170359,3,"instream, riparian, passage"
20170361,3,"instream, riparian, passage"
20170362,2,"riparian, upland"
20170367,2,"riparian, upland"
20170368,2,"riparian, upland"
20170371,2,"riparian, upland"
20170375,2,"riparian, upland"
20180101,3,"instream, riparian, passage"
20180103,2,"passage, wetland"
20180104,2,"instream, road"
20180105,2,"riparian, upland"
20180107,2,"instream, riparian"
20180108,2,"riparian, upland"
20180109,2,"instream, riparian"
20180116,2,"riparian, upland"
20180117,2,"instream, riparian"
20180123,2,"instream, riparian"
20180126,2,"riparian, upland"
20180132,2,"passage, screening"
20180152,2,"riparian, upland"
20180154,2,"riparian, upland"
20180155,2,"riparian, upland"
20180159,3,"riparian, upland, wetland"
20180172,2,"instream, riparian"
20180179,2,"riparian, upland"
20180180,3,"instream, riparian, wetland"
20180181,4,"instream, riparian, passage, road"
20180184,2,"passage, wetland"
20180190,2,"riparian, upland"
20180201,2,"riparian, upland"
20180204,2,"riparian, upland"
20180209,2,"riparian, upland"
20180211,2,"instream, passage"
20180212,2,"instream, riparian"
20180215,2,"riparian, upland"
20180217,2,"instream, riparian"
20180221,2,"riparian, upland"
20180222,2,"upland, wetland"
20180224,2,"upland, wetland"
20180227,3,"riparian, passage, upland"
20180231,2,"riparian, upland"
20180240,2,"riparian, upland"
20180241,2,"instream, riparian"
20180244,3,"instream, riparian, passage"
20180246,2,"riparian, estuarine"
20180261,2,"instream, upland"
20180264,2,"instream, road"
20180268,2,"instream, riparian"
20180403,2,"riparian, upland"
20180422,3,"instream, riparian, upland"
20180423,2,"riparian, passage"
20180424,2,"instream, passage"
20180425,2,"passage, upland"
20180426,4,"instream, riparian, passage, upland"
20180428,2,"riparian, upland"
20180429,2,"passage, screening"
20180444,2,"riparian, upland"
20180445,3,"riparian, upland, wetland"
20180471,3,"instream, riparian, upland"
20180473,2,"instream, road"
20180474,2,"passage, road"
20180476,2,"passage, road"
20180479,2,"instream, road"
20180481,2,"instream, riparian"
20180482,2,"riparian, upland"
20180483,2,"upland, wetland"
20180498,2,"riparian, urban"
20180503,4,"instream, riparian, passage, upland"
20180504,4,"instream, riparian, passage, screening"
20180506,4,"instream, riparian, upland, wetland"
20180508,2,"instream, riparian"
20180514,2,"instream, passage"
20180515,3,"instream, riparian, upland"
20180519,2,"riparian, upland"
20180520,2,"riparian, upland"
20180525,2,"riparian, upland"
20180527,2,"riparian, upland"
20180528,2,"riparian, upland"
20180531,3,"riparian, upland, wetland"
20190003,2,"instream, riparian"
20190005,2,"riparian, upland"
20190019,2,"riparian, upland"
20190021,2,"riparian, upland"
20190023,2,"riparian, upland"
20190028,2,"riparian, upland"
20190031,2,"riparian, upland"
20190035,2,"instream, upland"
20190042,2,"riparian, upland"
20190048,3,"riparian, upland, wetland"
20190059,3,"instream, riparian, road"
20190067,2,"upland, wetland"
20190068,2,"riparian, upland"
20190071,3,"instream, riparian, wetland"
20190072,2,"riparian, passage"
20190074,2,"riparian, upland"
20190079,2,"passage, road"
20190094,2,"instream, riparian"
20190099,4,"instream, riparian, passage, upland"
20190106,3,"riparian, upland, wetland"
20190115,2,"riparian, upland"
20190126,2,"instream, road"
20190128,2,"instream, riparian"
20190132,2,"riparian, upland"
20190141,2,"riparian, upland"
20190145,2,"riparian, upland"
20190146,2,"riparian, upland"
20190148,2,"riparian, upland"
20190163,2,"passage, road"
20190166,2,"riparian, upland"
20190169,2,"riparian, upland"
20190179,2,"riparian, upland"
20190183,2,"instream, passage"
20190194,3,"instream, riparian, upland"
20190197,3,"instream, riparian, upland"
20190199,2,"riparian, upland"
20190200,2,"riparian, upland"
20190203,2,"riparian, upland"
20190207,2,"instream, riparian"
20190210,2,"riparian, upland"
20190213,2,"instream, riparian"
20190242,3,"instream, riparian, wetland"
20190315,3,"instream, passage, upland"
20190316,2,"riparian, upland"
20190317,3,"instream, riparian, upland"
20190319,2,"instream, riparian"
20190398,2,"instream, riparian"
20190400,2,"riparian, upland"
20190403,2,"instream, riparian"
20190459,2,"riparian, upland"
20190461,2,"passage, road"
20190462,2,"instream, riparian"
20190464,2,"riparian, passage"
20190465,2,"riparian, upland"
20190478,2,"instream, riparian"
20190481,2,"instream, riparian"
20190488,2,"passage, road"
20190489,2,"passage, road"
20190498,3,"instream, riparian, wetland"
20190506,4,"instream, riparian, passage, upland"
20190507,2,"riparian, upland"
20190516,4,"instream, riparian, road, upland"
20190517,2,"riparian, upland"
20190520,3,"instream, passage, road"
20190521,2,"riparian, upland"
20190526,4,"instream, riparian, passage, upland"
20190527,2,"instream, riparian"
20190528,2,"riparian, upland"
20190554,2,"riparian, passage"
20190558,2,"riparian, upland"
20190561,2,"instream, riparian"
20190567,2,"instream, road"
20190570,2,"riparian, upland"
20190573,2,"riparian, upland"
20190577,2,"instream, riparian"
20190578,2,"riparian, upland"
20190586,4,"instream, riparian, passage, wetland"
20190591,3,"riparian, upland, wetland"
20190592,2,"riparian, upland"
20190593,2,"passage, wetland"
20190599,2,"passage, upland"
20200003,2,"instream, riparian"
20200005,2,"instream, riparian"
20200007,2,"riparian, upland"
20200014,2,"upland, flow"
20200016,3,"instream, riparian, passage"
20200017,4,"instream, riparian, passage, screening"
20200019,2,"riparian, upland"
20200021,2,"riparian, upland"
20200022,2,"riparian, upland"
20200024,2,"riparian, upland"
20200025,2,"riparian, upland"
20200026,2,"riparian, upland"
20200031,2,"riparian, upland"
20200033,3,"instream, riparian, passage"
20200034,2,"screening, flow"
20200035,3,"riparian, upland, wetland"
20200036,2,"riparian, upland"
20200040,3,"instream, riparian, passage"
20200041,2,"riparian, upland"
20200047,2,"riparian, upland"
20200049,2,"riparian, upland"
20200050,2,"riparian, upland"
20200054,2,"riparian, upland"
20200058,2,"riparian, upland"
20200107,2,"riparian, passage"
20200110,2,"riparian, upland"
20200111,2,"riparian, upland"
20200135,2,"riparian, passage"
20200142,2,"riparian, upland"
20200143,2,"instream, riparian"
20200149,2,"riparian, upland"
20200152,2,"instream, riparian"
20200154,2,"road, upland"
20200167,3,"instream, riparian, passage"
20200168,3,"riparian, upland, wetland"
20200171,2,"riparian, upland"
20200176,2,"riparian, upland"
20200179,3,"instream, passage, wetland"
20200184,3,"instream, riparian, wetland"
20200185,2,"instream, wetland"
20200187,2,"instream, passage"
20200233,2,"instream, riparian"
20200238,2,"riparian, upland"
20200239,2,"instream, riparian"
20200281,2,"riparian, passage"
20200285,2,"riparian, upland"
20200291,3,"instream, riparian, passage"
20200293,2,"riparian, upland"
20200295,2,"instream, riparian"
20200298,2,"instream, riparian"
20200300,2,"riparian, upland"
20200301,3,"instream, riparian, passage"
20200302,3,"riparian, passage, estuarine"
20200303,2,"riparian, upland"
20200306,3,"instream, riparian, passage"
20200307,4,"instream, riparian, passage, upland"
20200313,2,"riparian, upland"
20200315,2,"instream, riparian"
20200317,2,"instream, riparian"
20200320,2,"instream, riparian"
20200325,2,"passage, road"
20200328,2,"passage, wetland"
20200335,3,"riparian, upland, wetland"
20200336,2,"instream, road"
20200340,2,"riparian, upland"
20200343,3,"instream, riparian, upland"
20200346,3,"instream, riparian, road"
20200347,2,"instream, riparian"
20200348,2,"riparian, upland"
20200349,3,"instream, riparian, upland"
20200351,2,"passage, road"
20200355,4,"instream, riparian, passage, road"
20200356,3,"instream, passage, road"
20200358,2,"passage, screening"
20200360,2,"instream, riparian"
20200363,2,"riparian, upland"
20200374,2,"passage, road"
20200376,2,"instream, passage"
20200382,2,"riparian, upland"
20200384,2,"riparian, passage"
20200388,2,"riparian, upland"
20200391,2,"instream, riparian"
20200393,3,"instream, riparian, passage"
20200395,2,"road, upland"
20200402,2,"riparian, upland"
20200406,2,"passage, estuarine"
20200407,3,"instream, riparian, wetland"
20200408,5,"instream, riparian, passage, road, wetland"
20210007,2,"riparian, upland"
20210008,2,"riparian, upland"
20210010,2,"riparian, upland"
20210011,2,"riparian, upland"
20210012,2,"riparian, upland"
20210016,2,"upland, wetland"
20210018,2,"riparian, upland"
20210021,2,"riparian, upland"
20210027,3,"instream, riparian, upland"
20210029,2,"instream, riparian"
20210034,2,"riparian, upland"
20210035,2,"riparian, upland"
20210037,2,"riparian, passage"
20210040,2,"riparian, upland"
20210047,2,"riparian, upland"
20210048,2,"riparian, upland"
20210050,3,"instream, riparian, upland"
20210053,3,"instream, riparian, passage"
20210056,2,"riparian, upland"
20210057,2,"instream, riparian"
20210060,2,"riparian, upland"
20210064,2,"instream, riparian"
20210067,2,"instream, upland"
20210070,2,"riparian, upland"
20210077,2,"instream, riparian"
20210078,2,"upland, estuarine"
20210084,2,"riparian, upland"
20210085,2,"riparian, upland"
20210086,2,"riparian, upland"
20210091,3,"instream, riparian, wetland"
20210096,2,"instream, riparian"
20210104,3,"instream, riparian, passage"
20210105,2,"riparian, upland"
20210106,2,"instream, riparian"
20210110,2,"riparian, passage"
20210111,3,"riparian, upland, wetland"
20210113,2,"riparian, upland"
20210114,2,"riparian, upland"
20210133,2,"riparian, upland"
20210135,3,"riparian, upland, wetland"
20210142,2,"instream, riparian"
20210147,2,"riparian, upland"
20210155,2,"passage, screening"
20210159,2,"passage, road"
20210193,3,"instream, passage, road"
20210232,2,"riparian, upland"
20210266,2,"riparian, wetland"
20210272,3,"riparian, passage, screening"
20210283,2,"instream, passage"
20210297,2,"riparian, upland"
20210302,2,"riparian, upland"
20210318,2,"riparian, upland"
20210321,2,"riparian, upland"
20210340,3,"instream, riparian, wetland"
20210353,3,"instream, riparian, passage"
